{"_type":"export","__export_format":4,"__export_date":"2024-01-24T05:57:17.119Z","__export_source":"insomnia.desktop.app:v8.6.0","resources":[{"_id":"req_2373d9b74d0a45d79475d400000798f0","parentId":"fld_cb74d1c76d7d459a9aab205af2b2ccc9","modified":1706065760944,"created":1706065397380,"url":"http://localhost:3333/registrar","name":"Cadastrar usuario","description":"","method":"POST","body":{"mimeType":"application/json","text":"{\n\t\"email\": \"teste@teste.com\",\n\t\"senha\": \"123\"\n}"},"parameters":[],"headers":[{"name":"Content-Type","value":"application/json"},{"name":"User-Agent","value":"insomnia/8.6.0"}],"authentication":{},"metaSortKey":-1706065397380,"isPrivate":false,"pathParameters":[],"settingStoreCookies":true,"settingSendCookies":true,"settingDisableRenderRequestBody":false,"settingEncodeUrl":true,"settingRebuildPath":true,"settingFollowRedirects":"global","_type":"request"},{"_id":"fld_cb74d1c76d7d459a9aab205af2b2ccc9","parentId":"wrk_de089733d079450fa350436b1220b177","modified":1706065388436,"created":1706065388436,"name":"Autenticação","description":"","environment":{},"environmentPropertyOrder":null,"metaSortKey":-1706065388436,"_type":"request_group"},{"_id":"wrk_de089733d079450fa350436b1220b177","parentId":null,"modified":1705972840994,"created":1705972840994,"name":"brain-agriculture","description":"","scope":"collection","_type":"workspace"},{"_id":"req_f120a6ffa4084ecaae076ea7e7eb705a","parentId":"fld_cb74d1c76d7d459a9aab205af2b2ccc9","modified":1706065774200,"created":1706065769192,"url":"http://localhost:3333/login","name":"Logar usuario","description":"","method":"POST","body":{"mimeType":"application/json","text":"{\n\t\"email\": \"teste@teste.com\",\n\t\"senha\": \"123\"\n}"},"parameters":[],"headers":[{"name":"Content-Type","value":"application/json"},{"name":"User-Agent","value":"insomnia/8.6.0"}],"authentication":{},"metaSortKey":-1706019439575,"isPrivate":false,"pathParameters":[],"settingStoreCookies":true,"settingSendCookies":true,"settingDisableRenderRequestBody":false,"settingEncodeUrl":true,"settingRebuildPath":true,"settingFollowRedirects":"global","_type":"request"},{"_id":"req_543ae514e7954032a22b3b15d07e1fcd","parentId":"fld_4fac6253a51c41ce83a2c2c9fac0f48d","modified":1706069449736,"created":1706069159047,"url":"http://localhost:3333/fazenda","name":"listar total de fazendas","description":"","method":"GET","body":{},"parameters":[],"headers":[{"name":"User-Agent","value":"insomnia/8.6.0"}],"authentication":{"type":"bearer","token":"NA.fedphIP5HGUiiTJMvXmU9ZFmcl-NSgOVYDn5_3HHsGy6n9BWtfS8m0j1N6Jn"},"metaSortKey":-1706069159047,"isPrivate":false,"pathParameters":[],"settingStoreCookies":true,"settingSendCookies":true,"settingDisableRenderRequestBody":false,"settingEncodeUrl":true,"settingRebuildPath":true,"settingFollowRedirects":"global","_type":"request"},{"_id":"fld_4fac6253a51c41ce83a2c2c9fac0f48d","parentId":"wrk_de089733d079450fa350436b1220b177","modified":1705973049135,"created":1705973049135,"name":"Fazenda","description":"","environment":{},"environmentPropertyOrder":null,"metaSortKey":-1705973049135,"_type":"request_group"},{"_id":"req_dbb954c5b2774753bf1babbfa5f83e89","parentId":"fld_4fac6253a51c41ce83a2c2c9fac0f48d","modified":1706069717085,"created":1706069705880,"url":"http://localhost:3333/fazenda/estado","name":"listar total de fazendas por estado","description":"","method":"GET","body":{},"parameters":[],"headers":[{"name":"User-Agent","value":"insomnia/8.6.0"}],"authentication":{"type":"bearer","token":"NA.fedphIP5HGUiiTJMvXmU9ZFmcl-NSgOVYDn5_3HHsGy6n9BWtfS8m0j1N6Jn"},"metaSortKey":-1706067278213.5,"isPrivate":false,"pathParameters":[],"settingStoreCookies":true,"settingSendCookies":true,"settingDisableRenderRequestBody":false,"settingEncodeUrl":true,"settingRebuildPath":true,"settingFollowRedirects":"global","_type":"request"},{"_id":"req_368afdf8afb34b9baa542475a986371a","parentId":"fld_4fac6253a51c41ce83a2c2c9fac0f48d","modified":1706070913725,"created":1706070823862,"url":"http://localhost:3333/fazenda/cultura","name":"listar total de fazendas por cultura","description":"","method":"GET","body":{},"parameters":[],"headers":[{"name":"User-Agent","value":"insomnia/8.6.0"}],"authentication":{"type":"bearer","token":"NA.fedphIP5HGUiiTJMvXmU9ZFmcl-NSgOVYDn5_3HHsGy6n9BWtfS8m0j1N6Jn"},"metaSortKey":-1706066337796.75,"isPrivate":false,"pathParameters":[],"settingStoreCookies":true,"settingSendCookies":true,"settingDisableRenderRequestBody":false,"settingEncodeUrl":true,"settingRebuildPath":true,"settingFollowRedirects":"global","_type":"request"},{"_id":"req_165d03b802a94f79ac336ac2eebdf46f","parentId":"fld_4fac6253a51c41ce83a2c2c9fac0f48d","modified":1706071604160,"created":1706071599847,"url":"http://localhost:3333/fazenda/solo","name":"listar total de fazendas por uso do solo","description":"","method":"GET","body":{},"parameters":[],"headers":[{"name":"User-Agent","value":"insomnia/8.6.0"}],"authentication":{"type":"bearer","token":"NA.fedphIP5HGUiiTJMvXmU9ZFmcl-NSgOVYDn5_3HHsGy6n9BWtfS8m0j1N6Jn"},"metaSortKey":-1706065867588.375,"isPrivate":false,"pathParameters":[],"settingStoreCookies":true,"settingSendCookies":true,"settingDisableRenderRequestBody":false,"settingEncodeUrl":true,"settingRebuildPath":true,"settingFollowRedirects":"global","_type":"request"},{"_id":"req_585a369d0d60404d90d402cfee4d76f9","parentId":"fld_4fac6253a51c41ce83a2c2c9fac0f48d","modified":1706071973967,"created":1706071938417,"url":"http://localhost:3333/fazenda/total","name":"listar área total de fazendas","description":"","method":"GET","body":{},"parameters":[],"headers":[{"name":"User-Agent","value":"insomnia/8.6.0"}],"authentication":{"type":"bearer","token":"NA.fedphIP5HGUiiTJMvXmU9ZFmcl-NSgOVYDn5_3HHsGy6n9BWtfS8m0j1N6Jn"},"metaSortKey":-1706065632484.1875,"isPrivate":false,"pathParameters":[],"settingStoreCookies":true,"settingSendCookies":true,"settingDisableRenderRequestBody":false,"settingEncodeUrl":true,"settingRebuildPath":true,"settingFollowRedirects":"global","_type":"request"},{"_id":"req_e9eb0f741204447f87d42612040ce698","parentId":"fld_4fac6253a51c41ce83a2c2c9fac0f48d","modified":1706070909695,"created":1705973053489,"url":"http://localhost:3333/fazenda","name":"cadastrar fazenda","description":"","method":"POST","body":{"mimeType":"application/json","text":"{\n\t\"nome\": \"Fazenda Piauí\",\n\t\"cidade\": \"Picos\",\n\t\"estado\": \"PI\",\n\t\"area_total\": 199.5,\n\t\"area_agricultavel\": 90,\n\t\"area_vegetacao\": 10.5,\n\t\"culturas\": [3]\n}"},"parameters":[{"id":"pair_486726894c77439dbea3150a858ebe12","name":"produtor_doc","value":"76176708000160","description":""}],"headers":[{"name":"Content-Type","value":"application/json"},{"name":"User-Agent","value":"insomnia/8.6.0"}],"authentication":{"type":"bearer","token":"Mg.OzSflstZshkjwDIbbW6roHmBJub7s9vL_Sn3oXeyvhGLNvV1uH2cIfwD4vL-"},"metaSortKey":-1705973481770,"isPrivate":false,"pathParameters":[],"settingStoreCookies":true,"settingSendCookies":true,"settingDisableRenderRequestBody":false,"settingEncodeUrl":true,"settingRebuildPath":true,"settingFollowRedirects":"global","_type":"request"},{"_id":"req_a3023e1f4530405e8738da4606efc9e4","parentId":"fld_4fac6253a51c41ce83a2c2c9fac0f48d","modified":1706056730978,"created":1706055866398,"url":"http://localhost:3333/fazenda/1","name":"autalizar fazenda","description":"","method":"PATCH","body":{"mimeType":"application/json","text":"{\n\t\"nome\": \"Fazenda teste\",\n\t\"cidade\": \"Cidade Teste\",\n\t\"estado\": \"Estado Teste\",\n\t\"area_total\": 1000.5,\n\t\"area_agricultavel\": 900,\n\t\"area_vegetacao\": 100.5,\n\t\"culturas\": [1,2,3]\n}"},"parameters":[{"id":"pair_486726894c77439dbea3150a858ebe12","name":"produtor_doc","value":"76176708000160","description":""}],"headers":[{"name":"Content-Type","value":"application/json"},{"name":"User-Agent","value":"insomnia/8.6.0"}],"authentication":{},"metaSortKey":-1705973481720,"isPrivate":false,"pathParameters":[],"settingStoreCookies":true,"settingSendCookies":true,"settingDisableRenderRequestBody":false,"settingEncodeUrl":true,"settingRebuildPath":true,"settingFollowRedirects":"global","_type":"request"},{"_id":"req_412c14793c5247cda236ed304b64c33b","parentId":"fld_4fac6253a51c41ce83a2c2c9fac0f48d","modified":1705977287133,"created":1705973481670,"url":"http://localhost:3333/fazenda/culturas","name":"criar culturas","description":"","method":"POST","body":{"mimeType":"application/json","text":"{\n\t\"nome\": \"algodão doce\"\n}"},"parameters":[],"headers":[{"name":"Content-Type","value":"application/json"},{"name":"User-Agent","value":"insomnia/8.6.0"}],"authentication":{},"metaSortKey":-1705973481670,"isPrivate":false,"pathParameters":[],"settingStoreCookies":true,"settingSendCookies":true,"settingDisableRenderRequestBody":false,"settingEncodeUrl":true,"settingRebuildPath":true,"settingFollowRedirects":"global","_type":"request"},{"_id":"req_4ee02da003fb4138ad6b5a7c7ec89878","parentId":"fld_4fac6253a51c41ce83a2c2c9fac0f48d","modified":1705973556696,"created":1705973532509,"url":"http://localhost:3333/fazenda/culturas","name":"buscar culturas","description":"","method":"GET","body":{},"parameters":[],"headers":[{"name":"User-Agent","value":"insomnia/8.6.0"}],"authentication":{},"metaSortKey":-1705973267579.5,"isPrivate":false,"pathParameters":[],"settingStoreCookies":true,"settingSendCookies":true,"settingDisableRenderRequestBody":false,"settingEncodeUrl":true,"settingRebuildPath":true,"settingFollowRedirects":"global","_type":"request"},{"_id":"req_f9a888f1b3b846ad99383e73d4398159","parentId":"fld_0119f1fac9564d6fa4d4a6997e5bc26b","modified":1706055345438,"created":1705972904879,"url":"http://localhost:3333/produtor","name":"criar produtor","description":"","method":"POST","body":{"mimeType":"application/json","text":"{\n\t\"documento\": \"76.176.708/0001-60\",\n\t\"nome\": \"Produtor Teste 1\"\n}"},"parameters":[],"headers":[{"name":"Content-Type","value":"application/json"},{"name":"User-Agent","value":"insomnia/8.6.0"}],"authentication":{},"metaSortKey":-1705972904879,"isPrivate":false,"pathParameters":[],"settingStoreCookies":true,"settingSendCookies":true,"settingDisableRenderRequestBody":false,"settingEncodeUrl":true,"settingRebuildPath":true,"settingFollowRedirects":"global","_type":"request"},{"_id":"fld_0119f1fac9564d6fa4d4a6997e5bc26b","parentId":"wrk_de089733d079450fa350436b1220b177","modified":1705972889584,"created":1705972889584,"name":"Produtor Rural","description":"","environment":{},"environmentPropertyOrder":null,"metaSortKey":-1705972889584,"_type":"request_group"},{"_id":"req_573651abc9dc4e8288c22190b060b328","parentId":"fld_0119f1fac9564d6fa4d4a6997e5bc26b","modified":1706055413701,"created":1705973619538,"url":"http://localhost:3333/produtor/1","name":"editar produtor","description":"","method":"PATCH","body":{"mimeType":"application/json","text":"{\n\t\"documento\": \"10404531040\",\n\t\"nome\": \"Produtor teste 1\"\n}"},"parameters":[{"id":"pair_03eaf9818bbb451e9fa63f66418eae0d","name":"id","value":"2","description":""}],"headers":[{"name":"Content-Type","value":"application/json"},{"name":"User-Agent","value":"insomnia/8.6.0"}],"authentication":{},"metaSortKey":-1705970953305.75,"isPrivate":false,"pathParameters":[],"settingStoreCookies":true,"settingSendCookies":true,"settingDisableRenderRequestBody":false,"settingEncodeUrl":true,"settingRebuildPath":true,"settingFollowRedirects":"global","_type":"request"},{"_id":"req_24c5bcd476b6496aba987fbe8db7ebdb","parentId":"fld_0119f1fac9564d6fa4d4a6997e5bc26b","modified":1706039591891,"created":1706039387202,"url":"http://localhost:3333/produtor/2","name":"excluir produtor","description":"","method":"DELETE","body":{},"parameters":[{"id":"pair_03eaf9818bbb451e9fa63f66418eae0d","name":"id","value":"2","description":""}],"headers":[{"name":"User-Agent","value":"insomnia/8.6.0"}],"authentication":{},"metaSortKey":-1705969977519.125,"isPrivate":false,"pathParameters":[],"settingStoreCookies":true,"settingSendCookies":true,"settingDisableRenderRequestBody":false,"settingEncodeUrl":true,"settingRebuildPath":true,"settingFollowRedirects":"global","_type":"request"},{"_id":"req_5e794db8f6724b1ea0ff64e33101f7a7","parentId":"fld_0119f1fac9564d6fa4d4a6997e5bc26b","modified":1706039777410,"created":1705973570397,"url":"http://localhost:3333/produtor/3","name":"buscar produtor","description":"","method":"GET","body":{},"parameters":[{"id":"pair_04218e9a712a4ca68ee1a0b131e83d62","name":"id","value":"1","description":""}],"headers":[{"name":"User-Agent","value":"insomnia/8.6.0"}],"authentication":{},"metaSortKey":-1705969001732.5,"isPrivate":false,"pathParameters":[],"settingStoreCookies":true,"settingSendCookies":true,"settingDisableRenderRequestBody":false,"settingEncodeUrl":true,"settingRebuildPath":true,"settingFollowRedirects":"global","_type":"request"},{"_id":"req_588d3c7ffec74418b79744cb8f92deec","parentId":"fld_0119f1fac9564d6fa4d4a6997e5bc26b","modified":1706069102163,"created":1706039904069,"url":"http://localhost:3333/produtor","name":"listar produtores","description":"","method":"GET","body":{},"parameters":[{"id":"pair_04218e9a712a4ca68ee1a0b131e83d62","name":"id","value":"1","description":""}],"headers":[{"name":"User-Agent","value":"insomnia/8.6.0"}],"authentication":{"type":"bearer","token":"Mg.OzSflstZshkjwDIbbW6roHmBJub7s9vL_Sn3oXeyvhGLNvV1uH2cIfwD4vL-"},"metaSortKey":-1705967050159.25,"isPrivate":false,"pathParameters":[],"settingStoreCookies":true,"settingSendCookies":true,"settingDisableRenderRequestBody":false,"settingEncodeUrl":true,"settingRebuildPath":true,"settingFollowRedirects":"global","_type":"request"},{"_id":"env_c3738a863629e5ec5472b25c9a13240e22b80f70","parentId":"wrk_de089733d079450fa350436b1220b177","modified":1705972840995,"created":1705972840995,"name":"Base Environment","data":{},"dataPropertyOrder":null,"color":null,"isPrivate":false,"metaSortKey":1705972840995,"_type":"environment"},{"_id":"jar_c3738a863629e5ec5472b25c9a13240e22b80f70","parentId":"wrk_de089733d079450fa350436b1220b177","modified":1705972840996,"created":1705972840996,"name":"Default Jar","cookies":[],"_type":"cookie_jar"}]}